"variable","value","total_pop","prop_pop","type","mins_tt","Disease"
"tt_motorized_120",25846449.7145149,26226304.2109458,0.98551627810859,"motorized","120","Argentine haemorrhagic fever"
"tt_motorized_30",24972069.249948,26226304.2109458,0.952176450371749,"motorized","30","Argentine haemorrhagic fever"
"tt_motorized_60",25708794.3432594,26226304.2109458,0.98026752593412,"motorized","60","Argentine haemorrhagic fever"
"tt_motorized_90",25810509.4007574,26226304.2109458,0.984145886250535,"motorized","90","Argentine haemorrhagic fever"
"tt_walking_120",23515387.3638,26226304.2109458,0.896633668802852,"walking","120","Argentine haemorrhagic fever"
"tt_walking_30",18022693.1971441,26226304.2109458,0.687199120859055,"walking","30","Argentine haemorrhagic fever"
"tt_walking_60",21666537.1897937,26226304.2109458,0.826137644691508,"walking","60","Argentine haemorrhagic fever"
"tt_walking_90",22882520.4023471,26226304.2109458,0.8725026682485,"walking","90","Argentine haemorrhagic fever"
