"variable","value","total_pop","prop_pop","type","mins_tt","Disease"
"tt_motorized_120",181548198.363889,183249119.779331,0.990717983161448,"motorized","120","Brazilian spotted fever"
"tt_motorized_30",172547409.285617,183249119.779331,0.941600207921324,"motorized","30","Brazilian spotted fever"
"tt_motorized_60",179229324.706507,183249119.779331,0.978063768722792,"motorized","60","Brazilian spotted fever"
"tt_motorized_90",180860068.812127,183249119.779331,0.986962824323082,"motorized","90","Brazilian spotted fever"
"tt_walking_120",158510141.613971,183249119.779331,0.864998106429375,"walking","120","Brazilian spotted fever"
"tt_walking_30",127328852.021884,183249119.779331,0.694840183544749,"walking","30","Brazilian spotted fever"
"tt_walking_60",147222297.479441,183249119.779331,0.803399752515735,"walking","60","Brazilian spotted fever"
"tt_walking_90",153622306.060947,183249119.779331,0.838324932997985,"walking","90","Brazilian spotted fever"
