"variable","value","total_pop","prop_pop","type","mins_tt","Disease"
"tt_motorized_120",1847783604.90644,1926090934.49118,0.959343908336588,"motorized","120","Crimean-Congo haemorrhagic fever"
"tt_motorized_30",1586109222.77068,1926090934.49118,0.823486157567988,"motorized","30","Crimean-Congo haemorrhagic fever"
"tt_motorized_60",1754402900.16454,1926090934.49118,0.910861926998271,"motorized","60","Crimean-Congo haemorrhagic fever"
"tt_motorized_90",1815809697.82298,1926090934.49118,0.942743494248709,"motorized","90","Crimean-Congo haemorrhagic fever"
"tt_walking_120",1464913673.02165,1926090934.49118,0.760563090137088,"walking","120","Crimean-Congo haemorrhagic fever"
"tt_walking_30",741668309.68061,1926090934.49118,0.385064015618004,"walking","30","Crimean-Congo haemorrhagic fever"
"tt_walking_60",1102096823.50785,1926090934.49118,0.572193557309378,"walking","60","Crimean-Congo haemorrhagic fever"
"tt_walking_90",1317704004.09671,1926090934.49118,0.684133848771167,"walking","90","Crimean-Congo haemorrhagic fever"
