"variable","value","total_pop","prop_pop","type","mins_tt","Disease"
"tt_motorized_120",282265464.279662,285142858.602067,0.989908937798716,"motorized","120","Lassa fever"
"tt_motorized_30",252612525.387138,285142858.602067,0.885915665661729,"motorized","30","Lassa fever"
"tt_motorized_60",273162060.900118,285142858.602067,0.957983174606982,"motorized","60","Lassa fever"
"tt_motorized_90",279656430.55627,285142858.602067,0.980759019977936,"motorized","90","Lassa fever"
"tt_walking_120",263218536.076004,285142858.602067,0.923111093738946,"walking","120","Lassa fever"
"tt_walking_30",154765559.710732,285142858.602067,0.54276498618791,"walking","30","Lassa fever"
"tt_walking_60",219603686.677685,285142858.602067,0.770153205850245,"walking","60","Lassa fever"
"tt_walking_90",247718149.058824,285142858.602067,0.868751019307584,"walking","90","Lassa fever"
