"variable","value","total_pop","prop_pop","type","mins_tt","Disease"
"tt_motorized_120",203865700.258989,218286051.038535,0.933938285516006,"motorized","120","Oropouche fever"
"tt_motorized_30",172645660.853375,218286051.038535,0.790914765428126,"motorized","30","Oropouche fever"
"tt_motorized_60",191182325.757929,218286051.038535,0.875833910817227,"motorized","60","Oropouche fever"
"tt_motorized_90",199465586.294387,218286051.038535,0.91378072646142,"motorized","90","Oropouche fever"
"tt_walking_120",162869797.175389,218286051.038535,0.746130118715816,"walking","120","Oropouche fever"
"tt_walking_30",106961890.392074,218286051.038535,0.490007904230177,"walking","30","Oropouche fever"
"tt_walking_60",139867775.472329,218286051.038535,0.640754527405132,"walking","60","Oropouche fever"
"tt_walking_90",153746922.891626,218286051.038535,0.704336910948487,"walking","90","Oropouche fever"
