"variable","value","total_pop","prop_pop","type","mins_tt","Disease"
"tt_motorized_120",911559621.946926,959799868.580686,0.949739265222972,"motorized","120","Rift Valley Fever"
"tt_motorized_30",771825579.45118,959799868.580686,0.80415262047548,"motorized","30","Rift Valley Fever"
"tt_motorized_60",855404858.109545,959799868.580686,0.891232522645043,"motorized","60","Rift Valley Fever"
"tt_motorized_90",891623055.207884,959799868.580686,0.928967677945592,"motorized","90","Rift Valley Fever"
"tt_walking_120",793309182.411345,959799868.580686,0.826536039835533,"walking","120","Rift Valley Fever"
"tt_walking_30",401973348.192919,959799868.580686,0.418809547022903,"walking","30","Rift Valley Fever"
"tt_walking_60",614375505.703715,959799868.580686,0.640107928554136,"walking","60","Rift Valley Fever"
"tt_walking_90",726503216.734389,959799868.580686,0.756931981881508,"walking","90","Rift Valley Fever"
