"variable","value","total_pop","prop_pop","type","mins_tt","Disease"
"tt_motorized_120",835969368.596699,879822258.448742,0.950157103402496,"motorized","120","Yellow fever"
"tt_motorized_30",720164661.619899,879822258.448742,0.818534260419436,"motorized","30","Yellow fever"
"tt_motorized_60",790420837.233665,879822258.448742,0.898386952186564,"motorized","60","Yellow fever"
"tt_motorized_90",820026200.771848,879822258.448742,0.932036207196754,"motorized","90","Yellow fever"
"tt_walking_120",720653209.347968,879822258.448742,0.819089540447166,"walking","120","Yellow fever"
"tt_walking_30",431384801.716968,879822258.448742,0.490309034096914,"walking","30","Yellow fever"
"tt_walking_60",597508082.012383,879822258.448742,0.679123625567144,"walking","60","Yellow fever"
"tt_walking_90",673602255.386888,879822258.448742,0.765611745916214,"walking","90","Yellow fever"
